{"stats":{"minecraft:picked_up":{"sophisticatedbackpacks:gold_backpack":1,"minecraft:crafting_table":4,"minecraft:chicken":4,"create:spout":1,"minecraft:lead":1,"create:item_drain":1,"minecraft:brewing_stand":1,"create:wooden_bracket":1,"minecraft:oak_trapdoor":12,"minecraft:string":10,"minecraft:red_bed":2,"create:fluid_pipe":3,"minecraft:raw_copper":25,"create:limestone":4,"minecraft:beef":19,"minecraft:cobblestone_slab":6,"minecraft:calcite":2,"minecraft:birch_sapling":4,"minecraft:stick":33,"minecraft:raw_iron":1,"minecraft:oak_fence":5,"minecraft:torch":2,"minecraft:porkchop":8,"minecraft:pointed_dripstone":14,"create:hand_crank":1,"minecraft:arrow":8,"minecraft:rotten_flesh":21,"minecraft:hay_block":62,"minecraft:mutton":11,"minecraft:white_wool":7,"minecraft:cobblestone":1290,"minecraft:birch_log":52,"minecraft:feather":1,"create:fluid_tank":1,"minecraft:andesite":155,"minecraft:brown_wool":1,"minecraft:leather":9,"minecraft:filled_map":1,"minecraft:birch_planks":1,"minecraft:oak_log":70,"minecraft:yellow_bed":1,"minecraft:cobblestone_wall":11,"minecraft:gunpowder":10,"minecraft:cobblestone_stairs":47,"minecraft:dirt":65,"minecraft:white_banner":1,"minecraft:cooked_mutton":4,"tetra:scroll_rolled":1,"minecraft:bone":9,"minecraft:wheat_seeds":4,"minecraft:oak_planks":78,"minecraft:sweet_berries":8,"create:cogwheel":1,"minecraft:dripstone_block":2,"minecraft:spruce_sapling":26,"minecraft:spruce_log":167,"minecraft:spider_eye":3,"create:crimsite":6,"create:mechanical_pump":1,"minecraft:gray_wool":1,"minecraft:bread":33,"minecraft:oak_sapling":18,"minecraft:coal":56},"minecraft:broken":{"minecraft:wooden_pickaxe":1,"minecraft:stone_pickaxe":6,"minecraft:stone_axe":6},"minecraft:dropped":{"minecraft:iron_ingot":1,"minecraft:oak_log":9,"minecraft:cobblestone":10,"create:cogwheel":1,"create:fluid_tank":1,"minecraft:stick":1,"create:fluid_pipe":3,"create:item_drain":1,"minecraft:string":1,"minecraft:rotten_flesh":4,"minecraft:oak_planks":3,"create:mechanical_pump":1,"minecraft:cooked_mutton":1,"create:wooden_bracket":1,"minecraft:andesite":37,"create:hand_crank":1,"minecraft:spruce_log":2,"minecraft:arrow":1,"minecraft:calcite":2},"minecraft:used":{"minecraft:oak_fence":9,"minecraft:oak_trapdoor":16,"minecraft:ladder":7,"minecraft:chest":3,"minecraft:shield":19,"minecraft:stone":1,"minecraft:oak_door":2,"minecraft:torch":18,"minecraft:dirt":37,"minecraft:cobblestone_wall":31,"minecraft:oak_sapling":5,"minecraft:furnace":2,"minecraft:cooked_mutton":3,"minecraft:cobblestone_stairs":160,"minecraft:birch_planks":64,"minecraft:stone_pickaxe":848,"minecraft:oak_planks":273,"create:crimsite":4,"minecraft:wooden_pickaxe":60,"minecraft:cobblestone_slab":99,"minecraft:crafting_table":5,"minecraft:red_bed":2,"minecraft:campfire":1,"minecraft:spruce_log":149,"minecraft:oak_log":1,"minecraft:bread":31,"minecraft:stone_axe":678,"minecraft:cobblestone":328,"minecraft:birch_log":6,"minecraft:yellow_bed":1},"minecraft:crafted":{"minecraft:oak_door":3,"minecraft:oak_planks":240,"minecraft:cobblestone_slab":108,"minecraft:furnace":2,"minecraft:stone":3,"minecraft:cobblestone_stairs":120,"minecraft:oak_trapdoor":4,"minecraft:ladder":9,"minecraft:stone_pickaxe":7,"minecraft:cobblestone_wall":30,"minecraft:chest":3,"minecraft:oak_fence":6,"minecraft:crafting_table":1,"minecraft:spruce_planks":28,"minecraft:wooden_pickaxe":1,"minecraft:birch_planks":128,"minecraft:campfire":1,"minecraft:stone_axe":7,"minecraft:air":0,"minecraft:shield":1,"minecraft:stick":56,"minecraft:iron_ingot":2,"minecraft:torch":20},"minecraft:killed":{"minecraft:spider":10,"minecraft:skeleton":10,"minecraft:chicken":4,"minecraft:pig":5,"minecraft:creeper":8,"minecraft:sheep":9,"minecraft:pillager":1,"minecraft:zombie":20,"minecraft:cow":10},"minecraft:custom":{"lootr:looted_stat":1,"minecraft:mob_kills":78,"minecraft:interact_with_crafting_table":54,"minecraft:damage_dealt_resisted":498,"minecraft:leave_game":8,"minecraft:time_since_death":232614,"minecraft:climb_one_cm":25648,"minecraft:sprint_one_cm":211007,"minecraft:walk_one_cm":1016227,"minecraft:damage_blocked_by_shield":505,"minecraft:drop":20,"minecraft:damage_dealt_absorbed":120,"minecraft:talked_to_villager":2,"minecraft:play_time":232614,"minecraft:sneak_time":53006,"minecraft:walk_under_water_one_cm":3662,"minecraft:jump":2135,"minecraft:walk_on_water_one_cm":10921,"minecraft:total_world_time":232614,"minecraft:interact_with_furnace":14,"minecraft:sleep_in_bed":2,"minecraft:time_since_rest":22570,"minecraft:damage_taken":1145,"minecraft:damage_dealt":11855,"minecraft:swim_one_cm":20751,"minecraft:fly_one_cm":305389,"minecraft:open_chest":46,"minecraft:crouch_one_cm":187448,"minecraft:fall_one_cm":35800},"minecraft:mined":{"minecraft:oak_sapling":1,"minecraft:cobblestone_stairs":47,"minecraft:brewing_stand":1,"create:fluid_tank":1,"minecraft:granite":2,"minecraft:grass_block":43,"minecraft:spruce_leaves":147,"minecraft:large_fern":7,"minecraft:hay_block":62,"minecraft:oak_trapdoor":11,"minecraft:iron_ore":1,"minecraft:andesite":155,"minecraft:pointed_dripstone":7,"minecraft:cobblestone_slab":7,"minecraft:stone":531,"create:limestone":4,"create:item_drain":1,"create:cogwheel":1,"minecraft:red_bed":1,"minecraft:oak_fence":5,"create:fluid_pipe":3,"minecraft:crafting_table":4,"create:mechanical_pump":1,"minecraft:calcite":1,"minecraft:copper_ore":6,"minecraft:tall_grass":6,"minecraft:cobblestone":80,"minecraft:oak_planks":76,"minecraft:birch_planks":1,"minecraft:cobblestone_wall":11,"minecraft:birch_log":52,"minecraft:sweet_berry_bush":3,"minecraft:spruce_log":168,"minecraft:birch_leaves":17,"minecraft:yellow_bed":1,"create:spout":1,"minecraft:grass":10,"minecraft:oak_log":70,"minecraft:coal_ore":36,"minecraft:dripstone_block":2,"minecraft:sand":2,"minecraft:dirt":15,"create:crimsite":6,"minecraft:oak_leaves":25,"minecraft:fern":1}},"DataVersion":3465}