{"stats":{"minecraft:picked_up":{"minecraft:crafting_table":4,"minecraft:wheat":24,"create_new_age:thorium":69,"create:spout":2,"create:item_drain":3,"create:wooden_bracket":3,"forbidden_arcanus:xpetrified_orb":1,"minecraft:string":24,"minecraft:oak_trapdoor":1,"create:fluid_pipe":9,"minecraft:raw_copper":112,"evilcraft:poison_sac":2,"createdeco:copper_catwalk":6,"forbidden_arcanus:carved_edelwood_log":6,"create:mechanical_press":2,"minecraft:beef":9,"minecraft:player_head":1,"minecraft:cobblestone_slab":1,"minecraft:calcite":1,"minecraft:coal_block":1,"minecraft:sugar_cane":26,"minecraft:raw_copper_block":1,"minecraft:furnace":2,"minecraft:stick":2,"minecraft:raw_iron":14,"minecraft:raw_gold_block":1,"minecraft:copper_ingot":3,"minecraft:torch":11,"create:andesite_casing":2,"sophisticatedbackpacks:backpack":1,"minecraft:porkchop":2,"create:hand_crank":5,"minecraft:stone_sword":1,"minecraft:arrow":1,"minecraft:rotten_flesh":8,"minecraft:hay_block":64,"create:asurine":1,"create:depot":1,"minecraft:mutton":10,"minecraft:bone_block":8,"forbidden_arcanus:spawner_scrap":1,"minecraft:cobblestone":3327,"minecraft:white_wool":7,"create:fluid_tank":3,"minecraft:andesite":41,"minecraft:leather":4,"forbidden_arcanus:aurum_log":5,"createdeco:copper_catwalk_stairs":1,"minecraft:oak_log":39,"minecraft:yellow_bed":1,"minecraft:gunpowder":2,"minecraft:cobblestone_stairs":9,"minecraft:dirt":50,"minecraft:leather_boots":1,"minecraft:cooked_mutton":1,"minecraft:bone":2,"minecraft:apple":1,"minecraft:kelp":128,"minecraft:bow":1,"minecraft:wheat_seeds":7,"create_new_age:magnetite_block":6,"create:mechanical_drill":8,"minecraft:iron_ingot":2,"minecraft:oak_planks":4,"create:large_water_wheel":4,"minecraft:sand":2,"minecraft:sweet_berries":4,"create:cogwheel":3,"minecraft:dandelion":2,"minecraft:raw_iron_block":5,"minecraft:spruce_sapling":3,"minecraft:dark_oak_log":3,"minecraft:spruce_log":6,"minecraft:spider_eye":1,"forbidden_arcanus:edelwood_log":12,"create:crimsite":1,"evilcraft:dark_gem":4,"create:mechanical_pump":3,"scguns:gun_bench":1,"forbidden_arcanus:edelwood_stick":8,"minecraft:bread":64,"minecraft:oak_sapling":8,"minecraft:coal":63},"minecraft:broken":{"create_sa:copper_pickaxe":10,"minecraft:stone_pickaxe":8,"minecraft:leather_boots":1,"minecraft:iron_pickaxe":3,"minecraft:wooden_axe":1,"minecraft:wooden_hoe":1},"minecraft:dropped":{"minecraft:bread":97,"minecraft:wheat_seeds":5,"minecraft:cobblestone":1276,"minecraft:copper_ingot":3,"minecraft:coal":20,"minecraft:cobblestone_stairs":1,"minecraft:dirt":4,"minecraft:gold_ingot":1,"minecraft:spruce_sapling":3,"minecraft:dandelion":2,"minecraft:oak_trapdoor":1,"minecraft:stone_sword":1,"minecraft:wheat":1,"minecraft:oak_planks":1,"minecraft:cooked_mutton":4,"minecraft:filled_map":1,"blue_skies:cooked_charscale_moki":1,"minecraft:gunpowder":1,"minecraft:oak_sapling":10,"minecraft:spider_eye":1},"minecraft:killed_by":{"minecraft:piglin_brute":1,"minecraft:skeleton":1},"minecraft:used":{"minecraft:stone_sword":106,"createdeco:copper_catwalk":42,"minecraft:chest":1,"minecraft:player_head":1,"create_sa:copper_pickaxe":1448,"minecraft:torch":31,"minecraft:dirt":26,"tetra:scroll_rolled":1,"minecraft:raw_iron_block":4,"create:depot":2,"minecraft:wooden_axe":96,"minecraft:lava_bucket":7,"blue_skies:cooked_grittle_flatfish":1,"minecraft:dark_oak_boat":1,"create:shaft":3,"minecraft:sweet_berries":2,"minecraft:furnace":3,"create:mechanical_drill":8,"create:belt_connector":3,"minecraft:cooked_mutton":2,"minecraft:water_bucket":93,"minecraft:cobblestone_stairs":27,"minecraft:stone_pickaxe":1054,"createdeco:copper_catwalk_stairs":3,"create:crimsite":1,"minecraft:sugar_cane":6,"minecraft:leather_boots":1,"minecraft:cobblestone_slab":1,"minecraft:crafting_table":6,"minecraft:oak_log":2,"minecraft:wooden_hoe":59,"create:mechanical_press":3,"minecraft:bread":63,"minecraft:iron_pickaxe":750,"create:large_water_wheel":8,"minecraft:diamond_sword":7,"minecraft:cobblestone":356,"minecraft:bucket":100,"minecraft:yellow_bed":1,"create:hand_crank":3},"minecraft:crafted":{"evilcraft:dark_spike":16,"minecraft:oak_planks":100,"minecraft:raw_iron":18,"minecraft:coal":9,"minecraft:dark_oak_boat":1,"minecraft:iron_nugget":36,"createdeco:copper_catwalk":20,"minecraft:furnace":1,"minecraft:cobblestone_stairs":24,"minecraft:cooked_mutton":5,"minecraft:glass":2,"minecraft:raw_copper":9,"create:mechanical_press":1,"minecraft:stone_pickaxe":9,"minecraft:chest":1,"minecraft:oak_button":1,"minecraft:dark_oak_planks":12,"create:belt_connector":1,"create_sa:copper_pickaxe":14,"minecraft:wheat":538,"create:depot":1,"create:andesite_alloy":18,"createdeco:copper_bars":32,"minecraft:crafting_table":2,"minecraft:spruce_planks":24,"minecraft:dried_kelp":6,"create:goggles":1,"create:large_water_wheel":4,"minecraft:copper_ingot":89,"minecraft:bread":187,"minecraft:air":0,"createdeco:copper_catwalk_stairs":2,"minecraft:wooden_hoe":1,"create:water_wheel":4,"minecraft:charcoal":8,"minecraft:raw_gold":9,"minecraft:stick":72,"minecraft:stone_sword":1,"minecraft:iron_ingot":30,"minecraft:iron_pickaxe":3,"minecraft:wooden_axe":2,"minecraft:iron_block":1,"minecraft:gold_ingot":9,"create:shaft":8,"minecraft:torch":20},"minecraft:killed":{"minecraft:spider":2,"minecraft:skeleton":3,"minecraft:piglin_brute":1,"minecraft:pig":1,"minecraft:creeper":1,"minecraft:sheep":7,"evilcraft:poisonous_libelle":2,"minecraft:zombie":6,"minecraft:cow":4},"minecraft:custom":{"lootr:looted_stat":7,"minecraft:mob_kills":27,"minecraft:interact_with_crafting_table":58,"minecraft:leave_game":3,"minecraft:time_since_death":6188,"minecraft:climb_one_cm":6853,"minecraft:sprint_one_cm":366966,"minecraft:walk_one_cm":380070,"minecraft:drop":54,"minecraft:damage_dealt_absorbed":40,"minecraft:talked_to_villager":6,"minecraft:play_time":210362,"minecraft:deaths":6,"minecraft:sneak_time":28519,"minecraft:walk_under_water_one_cm":15139,"minecraft:jump":1983,"minecraft:walk_on_water_one_cm":76432,"minecraft:total_world_time":210362,"minecraft:interact_with_furnace":64,"minecraft:tune_noteblock":8,"minecraft:sleep_in_bed":3,"minecraft:time_since_rest":6219,"minecraft:damage_taken":4409,"minecraft:damage_dealt":3870,"minecraft:swim_one_cm":141847,"minecraft:fly_one_cm":313013,"minecraft:open_chest":32,"minecraft:crouch_one_cm":95727,"minecraft:fall_one_cm":67283},"minecraft:mined":{"create:andesite_casing":2,"minecraft:cobblestone_stairs":9,"minecraft:dark_oak_log":3,"create:fluid_tank":2,"minecraft:grass_block":9,"create_new_age:thorium_ore":22,"create:depot":1,"minecraft:coal_block":1,"minecraft:kelp":3,"minecraft:spawner":1,"minecraft:large_fern":4,"minecraft:hay_block":64,"minecraft:raw_iron_block":4,"minecraft:furnace":2,"minecraft:raw_gold_block":1,"minecraft:iron_ore":14,"minecraft:andesite":4,"evilcraft:dark_ore":1,"create:asurine":1,"minecraft:cobblestone_slab":1,"tetra:scroll_wall":1,"forbidden_arcanus:carved_edelwood_log":6,"minecraft:stone":2852,"minecraft:bone_block":8,"minecraft:player_head":1,"create:mechanical_press":2,"create:item_drain":2,"create:cogwheel":2,"minecraft:red_bed":1,"minecraft:kelp_plant":21,"create_new_age:magnetite_block":6,"create:fluid_pipe":6,"minecraft:crafting_table":4,"minecraft:torch":2,"create:mechanical_pump":2,"minecraft:calcite":1,"minecraft:tall_grass":2,"minecraft:copper_ore":30,"minecraft:cobblestone":201,"minecraft:sugar_cane":11,"minecraft:oak_planks":1,"scguns:gun_bench":1,"minecraft:wall_torch":2,"create:large_water_wheel":1,"create:water_wheel_structure":3,"createdeco:copper_catwalk":6,"forbidden_arcanus:aurum_log":5,"forbidden_arcanus:edelwood_log":12,"forbidden_arcanus:xpetrified_ore":1,"minecraft:sweet_berry_bush":2,"minecraft:spruce_log":6,"minecraft:yellow_bed":1,"create:spout":2,"create:mechanical_drill":8,"minecraft:grass":4,"createdeco:copper_catwalk_stairs":1,"minecraft:oak_log":30,"minecraft:coal_ore":41,"minecraft:sand":2,"minecraft:dirt":38,"minecraft:cobweb":21,"minecraft:raw_copper_block":1,"create:crimsite":1,"minecraft:oak_leaves":11}},"DataVersion":3465}