{"stats":{"minecraft:broken":{"minecraft:stone_pickaxe":1,"minecraft:stone_axe":1},"minecraft:used":{"minecraft:cooked_mutton":3,"minecraft:birch_planks":63,"minecraft:stone_pickaxe":149,"minecraft:chest":1,"minecraft:wooden_pickaxe":58,"minecraft:dirt":8,"minecraft:crafting_table":5,"minecraft:campfire":1,"minecraft:oak_log":1,"minecraft:bread":7,"minecraft:stone_axe":176,"minecraft:furnace":1},"minecraft:dropped":{"minecraft:oak_log":9,"minecraft:cobblestone":10,"minecraft:rotten_flesh":4,"minecraft:oak_planks":3,"minecraft:cooked_mutton":1,"minecraft:stick":1,"minecraft:spruce_log":2,"minecraft:arrow":1,"minecraft:calcite":2},"minecraft:crafted":{"minecraft:oak_planks":12,"minecraft:crafting_table":1,"minecraft:spruce_planks":8,"minecraft:wooden_pickaxe":1,"minecraft:furnace":1,"minecraft:birch_planks":112,"minecraft:campfire":1,"minecraft:stone_axe":2,"minecraft:stick":12,"minecraft:stone_pickaxe":2,"minecraft:chest":1},"minecraft:picked_up":{"minecraft:birch_log":46,"sophisticatedbackpacks:gold_backpack":1,"minecraft:crafting_table":4,"minecraft:feather":1,"create:fluid_tank":1,"minecraft:chicken":4,"minecraft:andesite":118,"minecraft:leather":9,"minecraft:brown_wool":1,"create:spout":1,"minecraft:birch_planks":1,"minecraft:filled_map":1,"create:item_drain":1,"minecraft:oak_log":29,"minecraft:brewing_stand":1,"minecraft:yellow_bed":1,"create:wooden_bracket":1,"minecraft:gunpowder":2,"minecraft:dirt":13,"minecraft:red_bed":1,"minecraft:raw_copper":20,"create:fluid_pipe":3,"minecraft:cooked_mutton":4,"minecraft:bone":2,"tetra:scroll_rolled":1,"minecraft:wheat_seeds":2,"minecraft:beef":19,"minecraft:calcite":2,"minecraft:birch_sapling":4,"minecraft:stick":6,"minecraft:raw_iron":1,"create:cogwheel":1,"minecraft:dripstone_block":2,"minecraft:porkchop":8,"create:hand_crank":1,"minecraft:pointed_dripstone":14,"minecraft:spruce_log":15,"minecraft:arrow":1,"minecraft:rotten_flesh":4,"create:mechanical_pump":1,"minecraft:hay_block":62,"minecraft:gray_wool":1,"minecraft:bread":33,"minecraft:oak_sapling":11,"minecraft:mutton":11,"minecraft:coal":45,"minecraft:white_wool":7,"minecraft:cobblestone":34},"minecraft:killed":{"minecraft:pig":5,"minecraft:creeper":3,"minecraft:sheep":9,"minecraft:zombie":5,"minecraft:chicken":4,"minecraft:cow":10},"minecraft:custom":{"minecraft:interact_with_furnace":4,"lootr:looted_stat":1,"minecraft:mob_kills":36,"minecraft:interact_with_crafting_table":10,"minecraft:damage_dealt_resisted":498,"minecraft:leave_game":6,"minecraft:time_since_death":74380,"minecraft:climb_one_cm":1232,"minecraft:time_since_rest":74380,"minecraft:sprint_one_cm":87748,"minecraft:damage_taken":275,"minecraft:walk_one_cm":284187,"minecraft:drop":10,"minecraft:damage_dealt":4090,"minecraft:talked_to_villager":1,"minecraft:damage_dealt_absorbed":120,"minecraft:swim_one_cm":17656,"minecraft:fly_one_cm":262177,"minecraft:open_chest":5,"minecraft:crouch_one_cm":32951,"minecraft:play_time":74380,"minecraft:sneak_time":13242,"minecraft:walk_under_water_one_cm":2634,"minecraft:jump":959,"minecraft:walk_on_water_one_cm":7296,"minecraft:total_world_time":74380,"minecraft:fall_one_cm":17802},"minecraft:mined":{"create:item_drain":1,"create:cogwheel":1,"minecraft:red_bed":1,"minecraft:brewing_stand":1,"create:fluid_tank":1,"minecraft:crafting_table":4,"create:fluid_pipe":3,"minecraft:granite":2,"create:mechanical_pump":1,"minecraft:grass_block":5,"minecraft:calcite":1,"minecraft:cobblestone":3,"minecraft:tall_grass":6,"minecraft:copper_ore":5,"minecraft:spruce_leaves":4,"minecraft:hay_block":62,"minecraft:birch_planks":1,"minecraft:birch_log":46,"minecraft:iron_ore":1,"minecraft:spruce_log":14,"minecraft:birch_leaves":17,"minecraft:andesite":118,"minecraft:yellow_bed":1,"create:spout":1,"minecraft:grass":10,"minecraft:coal_ore":25,"minecraft:pointed_dripstone":7,"minecraft:oak_log":29,"minecraft:dripstone_block":2,"minecraft:sand":2,"minecraft:dirt":8,"minecraft:stone":31,"minecraft:oak_leaves":11}},"DataVersion":3465}