{"stats":{"minecraft:broken":{"minecraft:wooden_axe":1,"minecraft:wooden_hoe":1},"minecraft:used":{"minecraft:cooked_mutton":2,"minecraft:stone_sword":69,"minecraft:stone_pickaxe":7,"minecraft:cobblestone_slab":1,"minecraft:leather_boots":1,"minecraft:torch":6,"minecraft:dirt":7,"minecraft:crafting_table":2,"tetra:scroll_rolled":1,"minecraft:wooden_axe":49,"minecraft:wooden_hoe":59,"minecraft:bread":16,"minecraft:iron_pickaxe":37,"minecraft:cobblestone":2,"minecraft:sweet_berries":2,"minecraft:furnace":1},"minecraft:crafted":{"evilcraft:dark_spike":16,"minecraft:oak_planks":28,"minecraft:raw_iron":9,"minecraft:crafting_table":1,"minecraft:furnace":1,"minecraft:bread":187,"minecraft:cooked_mutton":5,"minecraft:air":0,"minecraft:wooden_hoe":1,"minecraft:stick":12,"minecraft:iron_ingot":3,"minecraft:stone_pickaxe":1,"minecraft:iron_pickaxe":1,"minecraft:wooden_axe":1,"minecraft:stone_sword":1,"minecraft:torch":12,"minecraft:wheat":538},"minecraft:dropped":{"minecraft:bread":97,"minecraft:wheat_seeds":4,"minecraft:stone_sword":1,"minecraft:wheat":1,"minecraft:cooked_mutton":4,"minecraft:coal":20,"minecraft:filled_map":1,"minecraft:dirt":4,"minecraft:gunpowder":1,"minecraft:oak_sapling":10,"minecraft:spider_eye":1,"minecraft:dandelion":2},"minecraft:picked_up":{"minecraft:wheat":24,"minecraft:crafting_table":2,"create:fluid_tank":2,"minecraft:leather":4,"create:spout":2,"create:item_drain":2,"minecraft:oak_log":39,"create:wooden_bracket":2,"minecraft:gunpowder":2,"minecraft:dirt":12,"forbidden_arcanus:xpetrified_orb":1,"minecraft:string":23,"create:fluid_pipe":6,"minecraft:raw_copper":23,"minecraft:leather_boots":1,"minecraft:cooked_mutton":1,"minecraft:bone":1,"minecraft:apple":1,"minecraft:bow":1,"minecraft:wheat_seeds":6,"create:mechanical_drill":1,"create_new_age:magnetite_block":6,"minecraft:beef":9,"minecraft:iron_ingot":1,"minecraft:cobblestone_slab":1,"minecraft:calcite":1,"minecraft:oak_planks":3,"minecraft:furnace":2,"minecraft:stick":2,"minecraft:raw_iron":3,"minecraft:sweet_berries":4,"create:cogwheel":2,"minecraft:dandelion":2,"minecraft:raw_iron_block":1,"sophisticatedbackpacks:backpack":1,"minecraft:porkchop":2,"create:hand_crank":3,"minecraft:spider_eye":1,"minecraft:stone_sword":1,"minecraft:arrow":1,"minecraft:rotten_flesh":8,"evilcraft:dark_gem":4,"minecraft:hay_block":64,"create:mechanical_pump":2,"minecraft:bread":64,"minecraft:oak_sapling":8,"minecraft:mutton":10,"forbidden_arcanus:spawner_scrap":1,"minecraft:coal":23,"minecraft:white_wool":7,"minecraft:cobblestone":15},"minecraft:killed":{"minecraft:pig":1,"minecraft:spider":2,"minecraft:creeper":1,"minecraft:sheep":7,"minecraft:skeleton":2,"minecraft:zombie":4,"minecraft:cow":4},"minecraft:custom":{"minecraft:interact_with_furnace":10,"lootr:looted_stat":2,"minecraft:mob_kills":21,"minecraft:tune_noteblock":8,"minecraft:interact_with_crafting_table":14,"minecraft:leave_game":2,"minecraft:time_since_death":52345,"minecraft:sleep_in_bed":2,"minecraft:climb_one_cm":4483,"minecraft:time_since_rest":29455,"minecraft:sprint_one_cm":117814,"minecraft:damage_taken":810,"minecraft:walk_one_cm":76302,"minecraft:drop":22,"minecraft:damage_dealt":3038,"minecraft:swim_one_cm":1200,"minecraft:damage_dealt_absorbed":40,"minecraft:talked_to_villager":4,"minecraft:fly_one_cm":126848,"minecraft:open_chest":7,"minecraft:crouch_one_cm":6150,"minecraft:play_time":52345,"minecraft:sneak_time":2187,"minecraft:walk_under_water_one_cm":129,"minecraft:jump":753,"minecraft:walk_on_water_one_cm":1840,"minecraft:total_world_time":52345,"minecraft:fall_one_cm":25979},"minecraft:mined":{"create:item_drain":2,"create:cogwheel":2,"create_new_age:magnetite_block":6,"create:fluid_tank":2,"minecraft:crafting_table":2,"create:fluid_pipe":6,"create:mechanical_pump":2,"minecraft:grass_block":2,"minecraft:calcite":1,"minecraft:tall_grass":2,"minecraft:copper_ore":5,"minecraft:cobblestone":2,"minecraft:oak_planks":1,"minecraft:spawner":1,"minecraft:hay_block":64,"minecraft:furnace":2,"forbidden_arcanus:xpetrified_ore":1,"minecraft:iron_ore":3,"minecraft:sweet_berry_bush":2,"evilcraft:dark_ore":1,"create:spout":2,"create:mechanical_drill":1,"minecraft:grass":3,"minecraft:oak_log":30,"minecraft:coal_ore":1,"minecraft:cobblestone_slab":1,"minecraft:dirt":7,"minecraft:cobweb":21,"tetra:scroll_wall":1,"minecraft:stone":3,"minecraft:oak_leaves":11}},"DataVersion":3465}